reporterDesc,partnerDesc,netWgt,import_tonnes,share,share_pct,estimated
Brunei Darussalam,Thailand,19496770.0,19496.77,0.6231850922471529,62.31850922471529,False
Brunei Darussalam,Cambodia,9009000.0,9009.0,0.2879592104771509,28.79592104771509,False
Brunei Darussalam,India,2337221.0,2337.221,0.07470577354541204,7.470577354541204,False
Brunei Darussalam,Viet Nam,149130.0,149.13,0.0047667174002061835,0.47667174002061835,False
Brunei Darussalam,Australia,119120.0,119.12,0.003807492635368877,0.3807492635368877,False
Brunei Darussalam,"Other Asia, nes",64470.0,64.47,0.002060687123927397,0.2060687123927397,False
Brunei Darussalam,Indonesia,46000.0,46.0,0.0014703211990175313,0.14703211990175313,False
Brunei Darussalam,Japan,41230.0,41.23,0.0013178552833802786,0.13178552833802787,False
Brunei Darussalam,China,13400.0,13.4,0.0004283109579746722,0.04283109579746722,False
Brunei Darussalam,Pakistan,4900.0,4.9,0.00015662117119969357,0.015662117119969357,False
Brunei Darussalam,Bangladesh,3000.0,3.0,9.589051297940423e-05,0.009589051297940422,False
Brunei Darussalam,Singapore,1440.0,1.44,4.602744623011403e-05,0.004602744623011403,False
Malaysia,Viet Nam,687637318.0,687637.318,0.4056116265672185,40.56116265672185,False
Malaysia,Pakistan,382051200.0,382051.2,0.2253577643439615,22.535776434396148,False
Malaysia,India,325761990.0,325761.99,0.19215485718835576,19.215485718835577,False
Malaysia,Thailand,217821480.0,217821.48,0.12848477313745624,12.848477313745624,False
Malaysia,Cambodia,66952370.0,66952.37,0.03949270783792779,3.949270783792779,False
Malaysia,Myanmar,14337520.0,14337.52,0.008457168707850767,0.8457168707850767,False
Malaysia,Japan,281576.86,281.57686,0.00016609169572191537,0.016609169572191537,False
Malaysia,Rep. of Korea,249600.0,249.6,0.00014722973774261875,0.014722973774261875,False
Malaysia,"Other Asia, nes",169800.0,169.8,0.00010015869178163728,0.010015869178163727,False
Malaysia,Indonesia,31868.0,31.868,1.879774552236288e-05,0.0018797745522362878,False
Malaysia,Spain,7920.0,7.92,4.671712832217711e-06,0.00046717128322177107,False
Malaysia,China,7000.0,7.0,4.12903911938434e-06,0.000412903911938434,False
Malaysia,Germany,40.0,0.04,2.3594509253624802e-08,2.3594509253624803e-06,False
Philippines,Viet Nam,3550040005.67,3550040.00567,0.7442293562454991,74.42293562454991,False
Philippines,Thailand,641837070.07,641837.07007,0.13455453705022175,13.455453705022174,False
Philippines,Pakistan,309406026.2,309406.02619999996,0.0648637895149143,6.48637895149143,False
Philippines,Myanmar,208675887.68,208675.88768,0.04374675251659148,4.374675251659148,False
Philippines,India,32682178.63,32682.17863,0.006851482440664726,0.6851482440664726,False
Philippines,China,20906416.2,20906.4162,0.00438281502323239,0.438281502323239,False
Philippines,Cambodia,3469060.0,3469.06,0.0007272527313645729,0.0727252731364573,False
Philippines,Rep. of Korea,2022400.0,2022.4,0.0004239753489163382,0.04239753489163382,False
Philippines,Japan,515492.0,515.492,0.00010806759323753017,0.010806759323753017,False
Philippines,Bangladesh,513537.5,513.5375,0.0001076578524249031,0.01076578524249031,False
Philippines,Italy,16245.61,16.24561,3.4057249644525085e-06,0.0003405724964452508,False
Philippines,Spain,3488.55,3.48855,7.313386093068096e-07,7.313386093068096e-05,False
Philippines,Australia,836.49,0.83649,1.753615207748357e-07,1.753615207748357e-05,False
Philippines,Indonesia,6.0,0.006,1.2578382582565413e-09,1.2578382582565414e-07,False
Singapore,India,158151910.0,158151.91,0.3526216809926924,35.26216809926924,False
Singapore,Viet Nam,143615930.0,143615.93,0.32021169174579583,32.02116917457958,False
Singapore,Thailand,112744350.0,112744.35,0.25137921014945985,25.137921014945984,False
Singapore,Cambodia,11007000.0,11007.0,0.02454163748440702,2.4541637484407017,False
Singapore,Pakistan,6928700.0,6928.7,0.015448500375961743,1.5448500375961742,False
Singapore,Japan,6577050.0,6577.05,0.014664447789299463,1.4664447789299464,False
Singapore,Myanmar,3248000.0,3248.0,0.007241867770450986,0.7241867770450986,False
Singapore,"Other Asia, nes",2353500.0,2353.5,0.00524745560275751,0.524745560275751,False
Singapore,USA,1350110.0,1350.11,0.003010258034348393,0.3010258034348393,False
Singapore,Australia,1071860.0,1071.86,0.0023898609570306628,0.23898609570306628,False
Singapore,China,709820.0,709.82,0.0015826424202036696,0.15826424202036696,False
Singapore,Canada,187460.0,187.46,0.000417968144165253,0.0417968144165253,False
Singapore,Bangladesh,169760.0,169.76,0.00037850353223884217,0.03785035322388422,False
Singapore,United Arab Emirates,158950.0,158.95,0.000354401133655537,0.0354401133655537,False
Singapore,Italy,92680.0,92.68,0.0002066429510361445,0.02066429510361445,False
Singapore,Malaysia,45890.0,45.89,0.00010231813792672282,0.010231813792672283,False
Singapore,Sri Lanka,30230.0,30.23,6.740198974776271e-05,0.006740198974776271,False
Singapore,Spain,27600.0,27.6,6.153803893609828e-05,0.006153803893609828,False
Singapore,Rep. of Korea,23050.0,23.05,5.139318106800961e-05,0.005139318106800962,False
Singapore,Greece,5530.0,5.53,1.2329904178138531e-05,0.0012329904178138532,False
Singapore,Germany,2000.0,2.0,4.4592781837752376e-06,0.0004459278183775238,False
Singapore,"China, Hong Kong SAR",1010.0,1.01,2.251935482806495e-06,0.0002251935482806495,False
Singapore,Indonesia,440.0,0.44,9.810412004305523e-07,9.810412004305523e-05,False
Singapore,United Kingdom,210.0,0.21,4.682242092963999e-07,4.6822420929639994e-05,False
Singapore,France,30.0,0.03,6.688917275662856e-08,6.688917275662856e-06,False
Singapore,Belgium,10.0,0.01,2.2296390918876186e-08,2.2296390918876188e-06,False
