Country,ASEAN_Member_2026,AFSIS_Year,AFSIS_Status,Production_ton,Domestic_Utilization_ton,Import_ton,Export_ton,Beginning_Stock_ton,Ending_Stock_ton,SSR_pct,Production_Shortfall_pct,Import_Reliance_pct,Beginning_Stock_to_Use_pct,Ending_Stock_to_Use_pct,Trade_Year,Supplier_HHI,Effective_Suppliers,Top_Supplier,Top_Supplier_Share_pct,Observed_Supplier_Count,Yield_RONI_Beta_pp_per_1C,Yield_RONI_CI_low,Yield_RONI_CI_high,Yield_RONI_pvalue,Yield_RONI_R2,Domestic_Climate_Penalty_pp_per_1C,Climate_Evidence,Climate_Supplier_Coverage_pct,Supplier_Climate_Exposure_partial,Supplier_Climate_Exposure_pp_per_1C,Has_AFSIS_2026,Has_Trade_2024,Has_Domestic_Climate_Estimate,Has_Validated_Supplier_Climate_Exposure,Eligible_Main_Cluster,Cluster_k2,Cluster_k3,Cluster_k4,Selected_Cluster,Selected_Profile
Brunei Darussalam,True,2026.0,Projection supplied in AFSIS Table 9-11,2746.0,29281.0,24048.0,0.0,7776.0,5289.0,9.378095010416311,90.62190498958368,82.12834261124962,26.55647006591305,18.062907687578978,2024.0,0.47690670160606,2.0968461894797015,Thailand,62.31850922471529,12.0,7.811271060181359,-10.685397795844747,26.307939916207463,0.39607194602654405,0.022601216974594582,0.0,No negative association,91.73813413235274,2.0451504239831393,2.0451504239831393,True,True,True,True,True,C1,C1,C1,C1,"Large domestic gap, limited stocks"
Cambodia,True,2026.0,Projection supplied in AFSIS Table 9-11,8960000.0,8096800.0,0.0,685206.0,3943846.0,4121841.0,110.66100187728485,0.0,0.0,48.70869973322794,50.90703734808814,,,,,,,-4.910992243113324,-8.883231369718679,-0.9387531165079688,0.01698876336950613,0.16540453208370917,4.910992243113324,"Negative, p<0.05",,,,True,False,True,False,True,C1,C2,C3,C2,"Mixed or partial gap, limited stocks"
Indonesia,True,2026.0,Projection supplied in AFSIS Table 9-11,39260339.0,31103146.0,393131.0,804.0,12529347.0,21078867.0,126.22626341399676,0.0,1.2639589577208685,40.283214437536316,67.77085186173771,,,,,,,1.543985413743784,0.054534530315625496,3.0334362971719426,0.04262946686474258,0.12228944923589198,0.0,No negative association,,,,True,False,True,False,True,C1,C2,C3,C2,"Mixed or partial gap, limited stocks"
Lao PDR,True,2026.0,Projection supplied in AFSIS Table 9-11,2382600.0,2325052.0,36258.0,54663.0,46223.0,85367.0,102.47512743800999,0.0,1.5594489929687594,1.988041557780213,3.6716168068499115,,,,,,,0.6624465912266208,-3.402035693648064,4.726928876101305,0.7420630567416018,0.0034324298980245266,0.0,No negative association,,,,True,False,True,False,True,C1,C2,C2,C2,"Mixed or partial gap, limited stocks"
Malaysia,True,2026.0,Projection supplied in AFSIS Table 9-11,1357154.0,2889000.0,1634311.0,102465.0,0.0,0.0,46.97660089996539,53.02339910003461,56.570128071997225,0.0,0.0,2024.0,0.2703699969878394,3.698635244815931,Viet Nam,40.56116265672185,13.0,1.4269172452970564,-2.440870477578122,5.294704968172235,0.4578599521631802,0.017341183110355138,0.0,No negative association,58.20650739959756,0.802499369711591,,True,True,True,False,True,C1,C2,C2,C2,"Mixed or partial gap, limited stocks"
Myanmar,True,2026.0,Projection supplied in AFSIS Table 9-11,19023298.0,15405214.0,0.0,2110430.0,20618921.0,22126575.0,123.486100225547,0.0,0.0,133.84378172221432,143.63042928193013,,,,,,,-1.1104010731252052,-4.057949332749277,1.8371471864988662,0.44849621685321384,0.018068526367764695,1.1104010731252052,"Negative, uncertain",,,,True,False,True,False,True,C2,C3,C4,C3,"Domestic surplus, deep stocks"
Philippines,True,2026.0,Projection supplied in AFSIS Table 9-11,12791563.0,17471531.0,4000000.0,0.0,2890850.0,2210882.0,73.21374984252954,26.786250157470462,22.894387446641055,16.546059987530572,12.654197276701165,2024.0,0.5781702314961494,1.7295944092663995,Viet Nam,74.42293562454991,14.0,0.7043731485226021,-1.7786442683615555,3.18739056540676,0.5674232756699753,0.010326229396503165,0.0,No negative association,92.32578998015151,1.0499436604220527,1.0499436604220527,True,True,True,True,True,C1,C2,C2,C2,"Mixed or partial gap, limited stocks"
Singapore,True,2026.0,Projection supplied in AFSIS Table 9-11,0.0,264730.0,493610.0,228880.0,0.0,0.0,0.0,100.0,186.45790050239867,0.0,0.0,2024.0,0.29122284506255,3.4337965477441035,India,35.26216809926924,26.0,,,,,,,,60.34777063292409,0.75206806135486,,True,True,False,False,True,C1,C1,C1,C1,"Large domestic gap, limited stocks"
Thailand,True,2026.0,Projection supplied in AFSIS Table 9-11,23032393.0,11079810.0,20000.0,7530000.0,11517930.0,15960513.0,207.8771477128218,0.0,0.18050851052499997,103.95421943156065,144.05042144224495,,,,,,,-1.0036490781008225,-5.113975438073821,3.106677281872176,0.6223263659277398,0.0076713247014988765,1.0036490781008225,"Negative, uncertain",,,,True,False,True,False,True,C2,C3,C4,C3,"Domestic surplus, deep stocks"
Timor-Leste,True,,,,,,,,,,,,,,,,,,,,3.784567263394102,-10.957605426702143,18.52673995349035,0.6046351743659006,0.008472622079618075,0.0,No negative association,,,,False,False,True,False,False,,,,,
Viet Nam,True,2026.0,Projection supplied in AFSIS Table 9-11,29319578.0,21518349.0,3203906.0,9562858.0,2644794.0,4087071.0,136.2538454971615,0.0,14.889181321485212,12.290877892165426,18.99342277606893,,,,,,,-1.1592530483439283,-3.9798593442988857,1.6613532476110293,0.40870711977687735,0.02143216983844951,1.1592530483439283,"Negative, uncertain",,,,True,False,True,False,True,C1,C2,C2,C2,"Mixed or partial gap, limited stocks"
